bnf_name,bnf_code,total_items,total_cost
Vivomixx_Cap,091104000BBNVA0,200,4822.211710000002
VSL#3_Probiotic Food Supp Pdr Sach 4.4g,091104000BBNMA0,21875,1175224.9914799999
Vivomixx_Pdr Sach 4.4g,091104000BBNUA0,1044,55677.07175999999
