,table_name,num_dif,den_diff
0,ccg_data_lpneedles,1.8189894035458565e-12,0.0
0,ccg_data_lpbathshoweremollients,30787370.85400956,0.0
0,ccg_data_ppi,0.0,328304.0
0,ccg_data_ghost_generic_measure,3.637978807091713e-12,9.313225746154785e-10
0,ccg_data_lpglucosamine,-290.40057999999226,-7.275957614183426e-12
0,ccg_data_lpperindopril,-5.684341886080802e-14,0.0
0,ccg_data_lpdoxazosin,4.547473508864641e-13,0.0
0,ccg_data_lpzomnibus,-1747406.829699397,0.0
